id;id_usuario_registro;tipo;titulo;descricao;uri;link;url_imagem;titulo_imagem;altura_imagem;largura_imagem;data_registro;habilitado
1;99491;ATOM;Morocco;Usability;Licensed;Awesome Tools Crescent;Squares;digital;271;708;2020-03-09T02:58:06;true
2;53941;ATOM;microchip;THX;architectures Dynamic Incredible Fresh Car;service-desk interfaces;Checking Account human-resource Internal;Israel Savings Account Wooden;241;839;2020-03-09T09:11:15;false
3;18960;RSS;Unbranded Rubber Cheese;El Salvador;projection;Loaf District time-frame;Designer Idaho Plastic;Rhode Island;202;461;2020-03-09T04:35:45;false
4;80738;ATOM;New York Mission flexibility;Awesome Steel Pants tertiary Avon;Generic Wooden Cheese;Direct;Paradigm;Dong;173;637;2020-03-08T15:22:33;false
5;39531;RSS;transmitter;generate;Outdoors Avon transmitter;USB mobile program;lavender;Investor Borders Dynamic;756;728;2020-03-08T19:10:36;true
6;78351;ATOM;Gambia Leone;Buckinghamshire;Home sensor Investment Account;SAS Regional;Belarus;Analyst Intelligent Rubber Keyboard;306;214;2020-03-08T16:36:23;false
7;43701;ATOM;array Human;fault-tolerant bandwidth;program;green Ergonomic;salmon withdrawal;interfaces architectures Beauty;102;182;2020-03-09T02:16:42;true
8;22805;ATOM;Response;Mexico;Open-architected actuating Global;cross-platform platforms standardization;Colorado primary;projection matrices Ridges;569;511;2020-03-09T05:43:22;true
9;93906;RSS;Northern Mariana Islands Generic;Strategist District Security;Hat back-end;Flats;Auto Loan Account Salad Supervisor;enterprise Self-enabling;443;994;2020-03-08T14:44:07;true
10;72432;ATOM;Home Belarussian Ruble;protocol Grocery;Technician dynamic Saint Vincent and the Grenadines;Assimilated Concrete Profit-focused;maximized;cohesive strategic;227;524;2020-03-09T09:20:59;false
